{
  "save_timestamp": 1666728047558,
  "function_name": "Step Function (ext rotors)",
  "domain_start": 0.0,
  "domain_end": 1.0,
  "numerical_integration_interval_count": -1,
  "domain_animation_mills_min": 500,
  "domain_animation_mills_max": 10000,
  "domain_animation_mills_default": 2000,
  "rotors_count": 200,
  "rotor_frequency_provider": "CENTERING_INT",
  "rotors": {
    "-100.0": {
      "magnitude": 6.666666666647322E-6,
      "phase": 3.1415926535848464
    },
    "-99.0": {
      "magnitude": 0.0064305062069920935,
      "phase": 1.5697596015906048
    },
    "-98.0": {
      "magnitude": 6.666666666642711E-6,
      "phase": -3.1415926535895258
    },
    "-97.0": {
      "magnitude": 0.0065630938227675024,
      "phase": 1.5697805455195915
    },
    "-96.0": {
      "magnitude": 6.666666666664056E-6,
      "phase": 3.141592653583296
    },
    "-95.0": {
      "magnitude": 0.006701264077936016,
      "phase": 1.5698014894494425
    },
    "-94.0": {
      "magnitude": 6.666666666663906E-6,
      "phase": -3.1415926535895973
    },
    "-93.0": {
      "magnitude": 0.006845377142781523,
      "phase": 1.5698224333802024
    },
    "-92.0": {
      "magnitude": 6.666666666623825E-6,
      "phase": -3.141592653584845
    },
    "-91.0": {
      "magnitude": 0.006995824850909043,
      "phase": 1.5698433773117682
    },
    "-90.0": {
      "magnitude": 6.666666666695295E-6,
      "phase": 3.141592653587097
    },
    "-89.0": {
      "magnitude": 0.007153034256921831,
      "phase": 1.5698643212441656
    },
    "-88.0": {
      "magnitude": 6.666666666655721E-6,
      "phase": 3.1415926535865943
    },
    "-87.0": {
      "magnitude": 0.007317471684811846,
      "phase": 1.5698852651774373
    },
    "-86.0": {
      "magnitude": 6.666666666650265E-6,
      "phase": -3.1415926535838783
    },
    "-85.0": {
      "magnitude": 0.007489647347888079,
      "phase": 1.569906209111451
    },
    "-84.0": {
      "magnitude": 6.666666666663932E-6,
      "phase": 3.1415926535882934
    },
    "-83.0": {
      "magnitude": 0.0076701206366458444,
      "phase": 1.5699271530462482
    },
    "-82.0": {
      "magnitude": 6.666666666656366E-6,
      "phase": -3.141592653587778
    },
    "-81.0": {
      "magnitude": 0.007859506190024675,
      "phase": 1.5699480969818735
    },
    "-80.0": {
      "magnitude": 6.666666666683889E-6,
      "phase": -3.1415926535847034
    },
    "-79.0": {
      "magnitude": 0.008058480888882062,
      "phase": 1.5699690409181668
    },
    "-78.0": {
      "magnitude": 6.666666666647696E-6,
      "phase": 3.1415926535859633
    },
    "-77.0": {
      "magnitude": 0.008267791939358867,
      "phase": 1.5699899848552206
    },
    "-76.0": {
      "magnitude": 6.666666666650056E-6,
      "phase": 3.141592653589167
    },
    "-75.0": {
      "magnitude": 0.008488266249584401,
      "phase": 1.5700109287929849
    },
    "-74.0": {
      "magnitude": 6.666666666666171E-6,
      "phase": 3.1415926535828604
    },
    "-73.0": {
      "magnitude": 0.00872082134775776,
      "phase": 1.5700318727314415
    },
    "-72.0": {
      "magnitude": 6.6666666666546955E-6,
      "phase": 3.141592653588184
    },
    "-71.0": {
      "magnitude": 0.0089664781455359,
      "phase": 1.5700528166705332
    },
    "-70.0": {
      "magnitude": 6.66666666665683E-6,
      "phase": -3.1415926535877206
    },
    "-69.0": {
      "magnitude": 0.00922637592114597,
      "phase": 1.570073760610309
    },
    "-68.0": {
      "magnitude": 6.6666666666682514E-6,
      "phase": -3.14159265358513
    },
    "-67.0": {
      "magnitude": 0.009501789986034747,
      "phase": 1.5700947045507194
    },
    "-66.0": {
      "magnitude": 6.666666666650557E-6,
      "phase": 3.141592653588674
    },
    "-65.0": {
      "magnitude": 0.009794152613059512,
      "phase": 1.5701156484917485
    },
    "-64.0": {
      "magnitude": 6.6666666666684115E-6,
      "phase": 3.141592653588204
    },
    "-63.0": {
      "magnitude": 0.01010507795099473,
      "phase": 1.5701365924333375
    },
    "-62.0": {
      "magnitude": 6.666666666659417E-6,
      "phase": 3.1415926535869754
    },
    "-61.0": {
      "magnitude": 0.01043639184025798,
      "phase": 1.5701575363755413
    },
    "-60.0": {
      "magnitude": 6.666666666644236E-6,
      "phase": 3.141592653583847
    },
    "-59.0": {
      "magnitude": 0.010790167692848646,
      "phase": 1.5701784803183045
    },
    "-58.0": {
      "magnitude": 6.666666666676384E-6,
      "phase": -3.141592653587378
    },
    "-57.0": {
      "magnitude": 0.011168769925958569,
      "phase": 1.5701994242616069
    },
    "-56.0": {
      "magnitude": 6.666666666641162E-6,
      "phase": -3.1415926535872565
    },
    "-55.0": {
      "magnitude": 0.011574906872008987,
      "phase": 1.5702203682054088
    },
    "-54.0": {
      "magnitude": 6.66666666668693E-6,
      "phase": -3.141592653580827
    },
    "-53.0": {
      "magnitude": 0.012011695668313208,
      "phase": 1.5702413121497398
    },
    "-52.0": {
      "magnitude": 6.666666666665331E-6,
      "phase": -3.1415926535846896
    },
    "-51.0": {
      "magnitude": 0.01248274241490153,
      "phase": 1.5702622560945614
    },
    "-50.0": {
      "magnitude": 6.6666666666757265E-6,
      "phase": -3.1415926535773755
    },
    "-49.0": {
      "magnitude": 0.012992241962828922,
      "phase": 1.5702832000398503
    },
    "-48.0": {
      "magnitude": 6.666666666679781E-6,
      "phase": 3.141592653588042
    },
    "-47.0": {
      "magnitude": 0.013545103180350931,
      "phase": 1.5703041439855605
    },
    "-46.0": {
      "magnitude": 6.6666666666659645E-6,
      "phase": -3.14159265358318
    },
    "-45.0": {
      "magnitude": 0.01414710762341437,
      "phase": 1.5703250879317325
    },
    "-44.0": {
      "magnitude": 6.66666666665135E-6,
      "phase": 3.141592653585054
    },
    "-43.0": {
      "magnitude": 0.01480511248627995,
      "phase": 1.5703460318783151
    },
    "-42.0": {
      "magnitude": 6.6666666666458915E-6,
      "phase": -3.1415926535856658
    },
    "-41.0": {
      "magnitude": 0.015527312952334095,
      "phase": 1.5703669758252943
    },
    "-40.0": {
      "magnitude": 6.66666666668044E-6,
      "phase": 3.1415926535782823
    },
    "-39.0": {
      "magnitude": 0.016323585268220833,
      "phase": 1.5703879197726331
    },
    "-38.0": {
      "magnitude": 6.666666666659333E-6,
      "phase": 3.141592653587644
    },
    "-37.0": {
      "magnitude": 0.01720594108526472,
      "phase": 1.5704088637203366
    },
    "-36.0": {
      "magnitude": 6.666666666668213E-6,
      "phase": -3.1415926535874807
    },
    "-35.0": {
      "magnitude": 0.018189137575091958,
      "phase": 1.5704298076683896
    },
    "-34.0": {
      "magnitude": 6.666666666669075E-6,
      "phase": 3.141592653588396
    },
    "-33.0": {
      "magnitude": 0.0192915094054826,
      "phase": 1.570450751616749
    },
    "-32.0": {
      "magnitude": 6.666666666627179E-6,
      "phase": 3.14159265358697
    },
    "-31.0": {
      "magnitude": 0.02053612277138219,
      "phase": 1.5704716955654292
    },
    "-30.0": {
      "magnitude": 6.666666666677041E-6,
      "phase": 3.1415926535792513
    },
    "-29.0": {
      "magnitude": 0.02195240695600243,
      "phase": 1.5704926395143763
    },
    "-28.0": {
      "magnitude": 6.666666666705561E-6,
      "phase": -3.1415926535874745
    },
    "-27.0": {
      "magnitude": 0.023578511030167122,
      "phase": 1.5705135834636064
    },
    "-26.0": {
      "magnitude": 6.666666666685966E-6,
      "phase": 3.141592653586379
    },
    "-25.0": {
      "magnitude": 0.02546479176736904,
      "phase": 1.570534527413073
    },
    "-24.0": {
      "magnitude": 6.6666666666981915E-6,
      "phase": 3.141592653587416
    },
    "-23.0": {
      "magnitude": 0.027679121340573223,
      "phase": 1.570555471362779
    },
    "-22.0": {
      "magnitude": 6.66666666670384E-6,